year,institute_name,institute_type,overall_avg_ctc,cse_avg_ctc,ece_avg_ctc,cse_vs_ece_gap,ee_avg_ctc,me_avg_ctc,civil_avg_ctc,chemical_avg_ctc
2020,ABV-IIITM Gwalior,IIIT,16.85,27.23,16.0,11.23,,,,
2020,IIIT Agartala,IIIT,22.0,19.5,13.83,5.67,,,,
2020,IIIT Allahabad,IIIT,20.83,20.83,16.0,4.829999999999998,,,,
2020,IIIT Bangalore,IIIT,24.88,32.3,36.2,-3.9000000000000057,,,,
2020,IIIT Bhagalpur,IIIT,10.35,10.76,10.35,0.4100000000000001,,,,
2020,IIIT Bhopal,IIIT,12.32,16.9,16.98,-0.0800000000000018,,,,
2020,IIIT Bhubaneswar,IIIT,15.8,10.0,8.0,2.0,,,,
2020,IIIT Delhi,IIIT,16.97,16.97,25.39,-8.420000000000002,,,,
2020,IIIT Dharwad,IIIT,7.0,7.0,10.0,-3.0,,,,
2020,IIIT Guwahati,IIIT,15.0,14.49,6.26,8.23,,,,
2020,IIIT Hyderabad,IIIT,26.44,30.744999999999997,21.39,9.354999999999997,,,,
2020,IIIT Kalyani,IIIT,6.5,6.2,10.72,-4.5200000000000005,,,,
2020,IIIT Kota,IIIT,10.42,13.24,13.09,0.1500000000000003,,,,
2020,IIIT Kottayam,IIIT,11.91,11.93,11.91,0.0199999999999995,,,,
2020,IIIT Kurnool,IIIT,7.64,7.64,8.3,-0.660000000000001,,,,
2020,IIIT Lucknow,IIIT,18.42,18.42,18.42,0.0,,,,
2020,IIIT Manipur,IIIT,8.7,8.7,8.7,0.0,,,,
2020,IIIT Nagpur,IIIT,10.43,8.75,13.25,-4.5,,,,
2020,IIIT Naya Raipur,IIIT,8.0,16.25,13.9,2.3499999999999996,,,,
2020,IIIT Pune,IIIT,7.5,7.5,17.12,-9.62,,,,
2020,IIIT Raichur,IIIT,12.0,12.14,17.01,-4.870000000000001,,,,
2020,IIIT Ranchi,IIIT,7.2,6.2,12.14,-5.94,,,,
2020,IIIT Sri City,IIIT,12.02,16.71,10.01,6.700000000000001,,,,
2020,IIIT Surat,IIIT,13.99,13.625,13.99,-0.3650000000000002,,,,
2020,IIIT Una,IIIT,8.0,12.38,9.9,2.4800000000000004,,,,
2020,IIIT Vadodara,IIIT,11.0,13.0,12.0,1.0,,,,
2020,IIITDM Jabalpur,IIIT,6.42,8.5,21.49,-12.989999999999998,,,,
2020,IIITDM Kancheepuram,IIIT,9.8,9.6,11.09,-1.4900000000000002,,,,
2021,ABV-IIITM Gwalior,IIIT,16.85,16.85,16.85,0.0,,,,
2021,IIIT Agartala,IIIT,22.0,22.0,13.83,8.17,,,,
2021,IIIT Allahabad,IIIT,21.85,22.5,21.85,0.6499999999999986,,,,
2021,IIIT Bangalore,IIIT,20.1,16.5,14.2,2.3000000000000007,,,,
2021,IIIT Bhagalpur,IIIT,10.35,10.35,10.35,0.0,,,,
2021,IIIT Bhopal,IIIT,9.26,19.1,8.23,10.87,,,,
2021,IIIT Bhubaneswar,IIIT,6.5,11.0,8.0,3.0,,,,
2021,IIIT Delhi,IIIT,16.81,16.81,16.81,0.0,,,,
2021,IIIT Dharwad,IIIT,7.3,7.3,7.3,0.0,,,,
2021,IIIT Guwahati,IIIT,10.13,11.59,6.48,5.109999999999999,,,,
2021,IIIT Hyderabad,IIIT,20.32,30.0,24.0,6.0,,,,
2021,IIIT Kalyani,IIIT,8.0,8.0,8.0,0.0,,,,
2021,IIIT Kota,IIIT,10.6,13.09,13.09,0.0,,,,
2021,IIIT Kottayam,IIIT,9.07,9.07,9.07,0.0,,,,
2021,IIIT Kurnool,IIIT,7.64,7.64,8.3,-0.660000000000001,,,,
2021,IIIT Lucknow,IIIT,18.65,18.65,18.65,0.0,,,,
2021,IIIT Manipur,IIIT,7.75,9.0,6.5,2.5,,,,
2021,IIIT Nagpur,IIIT,8.44,8.44,13.11,-4.67,,,,
2021,IIIT Naya Raipur,IIIT,8.0,16.25,13.9,2.3499999999999996,,,,
2021,IIIT Pune,IIIT,14.5,17.12,17.12,0.0,,,,
2021,IIIT Raichur,IIIT,18.0,12.14,17.01,-4.870000000000001,,,,
2021,IIIT Ranchi,IIIT,7.2,7.2,12.8,-5.6000000000000005,,,,
2021,IIIT Sri City,IIIT,18.92,18.92,10.01,8.910000000000002,,,,
2021,IIIT Surat,IIIT,9.48,13.5,13.99,-0.4900000000000002,,,,
2021,IIIT Una,IIIT,11.02,12.38,9.9,2.4800000000000004,,,,
2021,IIIT Vadodara,IIIT,14.08,12.0,12.0,0.0,,,,
2021,IIITDM Jabalpur,IIIT,21.49,11.23,21.49,-10.259999999999998,,,,
2021,IIITDM Kancheepuram,IIIT,8.89,12.95,11.36,1.59,,,,
2022,ABV-IIITM Gwalior,IIIT,17.0,20.11,10.0,10.11,,,,
2022,IIIT Agartala,IIIT,23.0,15.0,23.0,-8.0,,,,
2022,IIIT Allahabad,IIIT,30.68,24.31,32.54,-8.23,,,,
2022,IIIT Bangalore,IIIT,24.0,31.2,15.9,15.3,,,,
2022,IIIT Bhagalpur,IIIT,12.0,9.87,11.06,-1.1900000000000013,,,,
2022,IIIT Bhopal,IIIT,14.5,13.4,9.34,4.0600000000000005,,,,
2022,IIIT Bhubaneswar,IIIT,9.0,8.5,10.67,-2.17,,,,
2022,IIIT Delhi,IIIT,20.86,20.44,20.86,-0.4199999999999981,,,,
2022,IIIT Dharwad,IIIT,8.0,8.7,8.0,0.6999999999999993,,,,
2022,IIIT Guwahati,IIIT,15.34,13.72,10.67,3.0500000000000007,,,,
2022,IIIT Hyderabad,IIIT,30.5,29.7,29.0,0.6999999999999993,,,,
2022,IIIT Kalyani,IIIT,10.71,9.13,10.73,-1.5999999999999996,,,,
2022,IIIT Kota,IIIT,14.37,12.35,12.37,-0.0199999999999995,,,,
2022,IIIT Kottayam,IIIT,10.45,11.2,10.45,0.75,,,,
2022,IIIT Kurnool,IIIT,9.51,8.0,9.51,-1.5099999999999998,,,,
2022,IIIT Lucknow,IIIT,26.07,26.85,26.07,0.7800000000000011,,,,
2022,IIIT Manipur,IIIT,9.9,8.3,9.9,-1.5999999999999996,,,,
2022,IIIT Nagpur,IIIT,12.04,12.44,10.1,2.34,,,,
2022,IIIT Naya Raipur,IIIT,12.67,14.75,10.72,4.029999999999999,,,,
2022,IIIT Pune,IIIT,16.83,12.95,16.83,-3.879999999999999,,,,
2022,IIIT Raichur,IIIT,22.5,10.8,22.5,-11.7,,,,
2022,IIIT Ranchi,IIIT,12.8,10.14,12.8,-2.66,,,,
2022,IIIT Sri City,IIIT,14.0,13.2,9.48,3.719999999999999,,,,
2022,IIIT Surat,IIIT,12.1,12.7,13.52,-0.8200000000000003,,,,
2022,IIIT Una,IIIT,12.1,9.24,11.0,-1.7599999999999998,,,,
2022,IIIT Vadodara,IIIT,14.08,10.44,14.08,-3.640000000000001,,,,
2022,IIITDM Jabalpur,IIIT,14.81,16.27,14.46,1.8099999999999987,,,,
2022,IIITDM Kancheepuram,IIIT,10.2,11.6,11.36,0.2400000000000002,,,,
2023,ABV-IIITM Gwalior,IIIT,24.31,22.2,24.31,-2.109999999999999,,,,
2023,IIIT Agartala,IIIT,12.0,23.0,17.0,6.0,,,,
2023,IIIT Allahabad,IIIT,32.83,32.83,29.11,3.719999999999999,,,,
2023,IIIT Bangalore,IIIT,29.6,35.0,25.55,9.45,,,,
2023,IIIT Bhagalpur,IIIT,15.61,14.11,15.91,-1.8000000000000007,,,,
2023,IIIT Bhopal,IIIT,20.51,22.56,18.03,4.529999999999998,,,,
2023,IIIT Bhubaneswar,IIIT,11.0,13.0,9.0,4.0,,,,
2023,IIIT Delhi,IIIT,23.65,28.78,25.39,3.390000000000001,,,,
2023,IIIT Dharwad,IIIT,11.52,11.97,11.43,0.5400000000000009,,,,
2023,IIIT Guwahati,IIIT,15.5,17.0,11.0,6.0,,,,
2023,IIIT Hyderabad,IIIT,23.43,32.2,27.24,4.960000000000004,,,,
2023,IIIT Kalyani,IIIT,12.76,12.76,12.76,0.0,,,,
2023,IIIT Kota,IIIT,14.6,15.76,11.31,4.449999999999999,,,,
2023,IIIT Kottayam,IIIT,14.32,14.32,14.32,0.0,,,,
2023,IIIT Kurnool,IIIT,10.79,10.79,9.08,1.709999999999999,,,,
2023,IIIT Lucknow,IIIT,30.52,30.52,30.52,0.0,,,,
2023,IIIT Manipur,IIIT,8.7,8.7,8.7,0.0,,,,
2023,IIIT Nagpur,IIIT,13.67,13.89,14.87,-0.9799999999999986,,,,
2023,IIIT Naya Raipur,IIIT,16.56,19.64,14.87,4.770000000000001,,,,
2023,IIIT Pune,IIIT,16.58,19.0,16.0,3.0,,,,
2023,IIIT Raichur,IIIT,18.0,18.0,17.01,0.9899999999999984,,,,
2023,IIIT Ranchi,IIIT,15.95,17.01,17.01,0.0,,,,
2023,IIIT Sri City,IIIT,20.3,20.7,17.01,3.6899999999999977,,,,
2023,IIIT Surat,IIIT,12.52,14.21,9.87,4.340000000000002,,,,
2023,IIIT Una,IIIT,14.0,12.0,13.8,-1.8000000000000007,,,,
2023,IIIT Vadodara,IIIT,15.43,15.43,11.34,4.09,,,,
2023,IIITDM Jabalpur,IIIT,21.63,25.08,23.48,1.599999999999998,,,,
2023,IIITDM Kancheepuram,IIIT,8.8,12.95,11.36,1.59,,,,
2024,ABV-IIITM Gwalior,IIIT,22.11,22.11,16.425,5.684999999999999,,,,
2024,IIIT Agartala,IIIT,10.9,17.0,10.9,6.1,,,,
2024,IIIT Allahabad,IIIT,25.78,25.78,25.48,0.3000000000000007,,,,
2024,IIIT Bangalore,IIIT,34.5,33.4,19.8,13.599999999999998,,,,
2024,IIIT Bhagalpur,IIIT,12.52,11.17,7.16,4.01,,,,
2024,IIIT Bhopal,IIIT,12.32,14.7,10.53,4.17,,,,
2024,IIIT Bhubaneswar,IIIT,8.81,9.0,8.0,1.0,,,,
2024,IIIT Delhi,IIIT,21.57,22.04,18.0,4.039999999999999,,,,
2024,IIIT Dharwad,IIIT,9.5,9.54,9.5,0.0399999999999991,,,,
2024,IIIT Guwahati,IIIT,14.88,15.26,13.1,2.16,,,,
2024,IIIT Hyderabad,IIIT,26.44,31.49,21.39,10.099999999999998,,,,
2024,IIIT Kalyani,IIIT,12.76,10.72,10.72,0.0,,,,
2024,IIIT Kota,IIIT,13.09,13.39,12.41,0.9800000000000004,,,,
2024,IIIT Kottayam,IIIT,12.66,12.66,12.66,0.0,,,,
2024,IIIT Kurnool,IIIT,8.2,8.2,8.2,0.0,,,,
2024,IIIT Lucknow,IIIT,29.8,29.85,22.36,7.490000000000002,,,,
2024,IIIT Manipur,IIIT,8.7,8.7,8.7,0.0,,,,
2024,IIIT Nagpur,IIIT,13.11,13.11,13.11,0.0,,,,
2024,IIIT Naya Raipur,IIIT,16.25,16.25,13.9,2.3499999999999996,,,,
2024,IIIT Pune,IIIT,13.6,13.25,11.84,1.41,,,,
2024,IIIT Raichur,IIIT,15.0,12.14,12.14,0.0,,,,
2024,IIIT Ranchi,IIIT,12.14,12.14,12.14,0.0,,,,
2024,IIIT Sri City,IIIT,14.2,14.5,12.4,2.0999999999999996,,,,
2024,IIIT Surat,IIIT,12.92,13.75,12.03,1.7200000000000006,,,,
2024,IIIT Una,IIIT,9.36,10.44,8.49,1.9499999999999993,,,,
2024,IIIT Vadodara,IIIT,11.34,11.34,12.0,-0.6600000000000001,,,,
2024,IIITDM Jabalpur,IIIT,19.27,19.27,21.49,-2.219999999999999,,,,
2024,IIITDM Kancheepuram,IIIT,9.75,13.86,11.91,1.9499999999999993,,,,
2020,IIT Bhilai,IIT,11.3,11.82,12.0,-0.17999999999999972,11.21,7.51,,
2020,IIT Bhubaneswar,IIT,15.8,22.6,15.8,6.800000000000001,15.8,12.0,,
2020,IIT Bombay,IIT,20.08,20.08,17.91,2.169999999999998,20.08,20.65,,
2020,IIT Delhi,IIT,16.0,15.81,15.5,0.3100000000000005,16.0,15.0,,
2020,IIT Dhanbad,IIT,17.56,18.0,15.0,3.0,12.0,14.08,,
2020,IIT Dharwad,IIT,7.0,7.0,7.0,0.0,8.0,7.0,,
2020,IIT Gandhinagar,IIT,8.29,8.0,8.96,-0.9600000000000009,19.6,19.6,,
2020,IIT Goa,IIT,13.0,15.51,15.51,0.0,15.51,15.51,,
2020,IIT Guwahati,IIT,10.78,20.0,12.3,7.699999999999999,25.93,18.19,,
2020,IIT Hyderabad,IIT,22.07,25.69,26.82,-1.129999999999999,26.82,22.07,,
2020,IIT Indore,IIT,23.5,25.5,21.2,4.300000000000001,25.7,15.6,,
2020,IIT Jammu,IIT,12.28,12.2,12.28,-0.08000000000000007,12.2,12.28,,
2020,IIT Jodhpur,IIT,16.73,14.33,16.5,-2.17,20.0,14.0,,
2020,IIT Kanpur,IIT,11.02,11.02,11.02,0.0,27.6,7.5,,
2020,IIT Kharagpur,IIT,19.0,29.21,20.0,9.21,19.5,16.0,,
2020,IIT Madras,IIT,18.12,25.0,18.12,6.879999999999999,27.28,18.12,,
2020,IIT Mandi,IIT,24.78,15.0,19.92,-4.920000000000002,19.92,10.0,,
2020,IIT Palakkad,IIT,9.93,11.42,9.93,1.4900000000000002,15.88,9.93,,
2020,IIT Patna,IIT,14.76,14.0,14.0,0.0,14.76,14.76,,
2020,IIT Roorkee,IIT,16.0,18.0,15.5,2.5,13.12,10.33,,
2020,IIT Ropar,IIT,15.85,15.85,15.85,0.0,15.85,15.85,,
2020,IIT Tirupati,IIT,11.0,14.0,11.0,3.0,14.0,10.95,,
2020,IIT Varanasi,IIT,16.69,18.34,16.69,1.6499999999999986,22.77,16.69,,
2021,IIT Bhilai,IIT,12.0,14.72,10.37,4.350000000000001,10.37,6.96,,
2021,IIT Bhubaneswar,IIT,16.27,16.27,20.3,-4.030000000000001,19.4,12.0,,
2021,IIT Bombay,IIT,20.8,17.91,18.17,-0.26000000000000156,20.08,17.91,,
2021,IIT Delhi,IIT,17.6,17.81,17.6,0.2099999999999973,17.6,17.6,,
2021,IIT Dhanbad,IIT,10.0,19.72,15.0,4.719999999999999,19.72,14.08,,
2021,IIT Dharwad,IIT,10.0,21.3,8.0,13.3,12.63,12.63,,
2021,IIT Gandhinagar,IIT,9.0,15.35,15.0,0.34999999999999964,19.6,19.6,,
2021,IIT Goa,IIT,11.6,15.32,16.0,-0.6799999999999997,15.92,15.92,,
2021,IIT Guwahati,IIT,23.42,21.06,6.48,14.579999999999998,25.93,21.42,,
2021,IIT Hyderabad,IIT,15.41,20.32,24.0,-3.6799999999999997,26.1,22.5,,
2021,IIT Indore,IIT,23.5,23.5,21.2,2.3000000000000007,25.7,21.88,,
2021,IIT Jammu,IIT,12.2,11.36,11.36,0.0,11.36,14.2,,
2021,IIT Jodhpur,IIT,24.38,12.0,12.0,0.0,12.0,12.0,,
2021,IIT Kanpur,IIT,29.0,29.0,27.6,1.3999999999999986,27.6,19.7,,
2021,IIT Kharagpur,IIT,19.0,15.0,21.28,-6.280000000000001,21.14,15.0,,
2021,IIT Madras,IIT,20.58,52.32,18.43,33.89,27.28,18.5,,
2021,IIT Mandi,IIT,18.0,13.5,20.85,-7.350000000000001,20.85,13.36,,
2021,IIT Palakkad,IIT,11.42,11.42,11.42,0.0,15.88,11.42,,
2021,IIT Patna,IIT,16.7,17.13,17.13,0.0,14.76,12.62,,
2021,IIT Roorkee,IIT,40.0,16.0,23.52,-7.52,13.12,16.5,,
2021,IIT Ropar,IIT,14.56,15.85,22.09,-6.24,22.09,22.09,,
2021,IIT Tirupati,IIT,11.0,11.0,11.0,0.0,11.0,11.0,,
2021,IIT Varanasi,IIT,11.5,18.34,21.89,-3.5500000000000007,17.81,17.81,,
2022,IIT Bhilai,IIT,14.12,17.55,14.04,3.5100000000000016,14.04,10.15,,
2022,IIT Bhubaneswar,IIT,18.95,22.4,21.2,1.1999999999999993,20.94,10.34,,
2022,IIT Bombay,IIT,21.5,49.6,21.5,28.1,23.5,20.65,,
2022,IIT Delhi,IIT,20.5,24.45,20.5,3.9499999999999993,20.5,21.9,,
2022,IIT Dhanbad,IIT,17.3,19.72,15.0,4.719999999999999,21.0,17.56,,
2022,IIT Dharwad,IIT,15.17,18.53,12.56,5.970000000000001,12.56,15.17,,
2022,IIT Gandhinagar,IIT,15.35,15.35,14.17,1.1799999999999997,17.67,10.43,,
2022,IIT Goa,IIT,23.4,27.03,30.75,-3.719999999999999,30.75,12.28,,
2022,IIT Guwahati,IIT,26.27,30.0,25.93,4.07,25.93,19.0,,
2022,IIT Hyderabad,IIT,20.7,27.11,29.0,-1.8900000000000006,29.75,19.73,,
2022,IIT Indore,IIT,23.5,22.56,21.2,1.3599999999999994,25.7,16.62,,
2022,IIT Jammu,IIT,19.34,23.19,18.65,4.540000000000003,18.65,15.12,,
2022,IIT Jodhpur,IIT,24.0,28.0,14.0,14.0,20.0,12.0,,
2022,IIT Kanpur,IIT,29.7,42.89,29.57,13.32,33.04,25.18,,
2022,IIT Kharagpur,IIT,45.43,18.75,21.28,-2.530000000000001,21.14,13.5,,
2022,IIT Madras,IIT,17.0,52.32,21.0,31.32,27.28,18.5,,
2022,IIT Mandi,IIT,25.23,33.68,25.0,8.68,21.0,13.47,,
2022,IIT Palakkad,IIT,13.93,13.93,12.7,1.2300000000000004,12.7,10.33,,
2022,IIT Patna,IIT,28.26,28.26,28.86,-0.5999999999999979,33.04,18.22,,
2022,IIT Roorkee,IIT,16.8,17.0,23.52,-6.52,16.8,15.0,,
2022,IIT Ropar,IIT,20.24,20.24,22.09,-1.8500000000000014,30.75,20.24,,
2022,IIT Tirupati,IIT,15.54,24.94,15.54,9.400000000000002,14.1,15.54,,
2022,IIT Varanasi,IIT,21.89,21.89,27.5,-5.609999999999999,26.57,21.89,,
2023,IIT Bhilai,IIT,15.31,18.97,18.97,0.0,14.03,12.57,,
2023,IIT Bhubaneswar,IIT,17.16,23.21,19.25,3.960000000000001,19.05,12.57,,
2023,IIT Bombay,IIT,21.82,23.5,21.82,1.6799999999999997,23.5,22.7,,
2023,IIT Delhi,IIT,20.0,20.0,23.65,-3.6499999999999986,20.5,20.0,,
2023,IIT Dhanbad,IIT,15.66,27.29,24.02,3.2699999999999996,17.56,14.91,,
2023,IIT Dharwad,IIT,17.0,21.38,14.69,6.6899999999999995,14.69,9.44,,
2023,IIT Gandhinagar,IIT,19.6,29.29,19.6,9.689999999999998,17.88,23.25,,
2023,IIT Goa,IIT,17.19,21.52,16.99,4.530000000000001,16.99,14.76,,
2023,IIT Guwahati,IIT,25.75,41.0,11.0,30.0,27.3,11.89,,
2023,IIT Hyderabad,IIT,26.51,24.32,28.07,-3.75,27.54,20.73,,
2023,IIT Indore,IIT,25.45,32.6,25.7,6.900000000000002,25.7,23.5,,
2023,IIT Jammu,IIT,17.0,24.05,19.16,4.890000000000001,19.16,14.19,,
2023,IIT Jodhpur,IIT,16.0,23.0,22.0,1.0,22.0,19.0,,
2023,IIT Kanpur,IIT,26.27,52.8,18.14,34.66,33.04,28.7,,
2023,IIT Kharagpur,IIT,24.0,24.0,21.28,2.719999999999999,21.14,15.0,,
2023,IIT Madras,IIT,17.0,52.32,27.0,25.32,27.28,18.5,,
2023,IIT Mandi,IIT,22.0,34.46,22.38,12.080000000000002,24.58,13.36,,
2023,IIT Palakkad,IIT,13.95,21.16,11.58,9.58,12.7,11.6,,
2023,IIT Patna,IIT,20.0,24.56,11.42,13.139999999999999,33.04,24.56,,
2023,IIT Roorkee,IIT,18.34,18.34,18.34,0.0,18.34,18.34,,
2023,IIT Ropar,IIT,22.09,20.24,20.99,-0.75,23.12,20.99,,
2023,IIT Tirupati,IIT,25.25,25.25,16.51,8.739999999999998,16.51,12.3,,
2023,IIT Varanasi,IIT,22.77,21.04,22.77,-1.7300000000000004,26.57,22.77,,
2024,IIT Bhilai,IIT,13.09,18.97,18.97,0.0,12.26,9.64,,
2024,IIT Bhubaneswar,IIT,17.1,22.6,20.3,2.3000000000000007,19.4,12.0,,
2024,IIT Bombay,IIT,24.0,23.5,23.5,0.0,23.5,23.5,,
2024,IIT Delhi,IIT,21.9,36.9,23.65,13.25,25.0,20.0,,
2024,IIT Dhanbad,IIT,15.66,24.77,20.97,3.8000000000000007,17.58,14.08,,
2024,IIT Dharwad,IIT,12.63,17.41,12.63,4.779999999999999,13.97,12.63,,
2024,IIT Gandhinagar,IIT,18.2,27.73,23.54,4.190000000000001,23.54,15.52,,
2024,IIT Goa,IIT,15.92,15.92,15.92,0.0,15.92,12.37,,
2024,IIT Guwahati,IIT,25.75,39.91,27.3,12.609999999999996,25.93,18.19,,
2024,IIT Hyderabad,IIT,22.5,22.5,22.5,0.0,26.11,22.5,,
2024,IIT Indore,IIT,25.45,30.89,26.04,4.850000000000001,26.04,22.17,,
2024,IIT Jammu,IIT,17.0,19.0,15.0,4.0,15.0,14.2,,
2024,IIT Jodhpur,IIT,21.3,26.31,22.0,4.309999999999999,22.0,19.5,,
2024,IIT Kanpur,IIT,26.27,52.8,27.6,25.199999999999996,27.6,26.27,,
2024,IIT Kharagpur,IIT,24.0,24.0,21.0,3.0,21.0,20.43,,
2024,IIT Madras,IIT,17.0,52.32,27.28,25.04,27.28,18.5,,
2024,IIT Mandi,IIT,22.38,26.55,17.75,8.8,17.75,13.36,,
2024,IIT Palakkad,IIT,19.76,19.09,11.58,7.51,15.88,11.8,,
2024,IIT Patna,IIT,17.0,17.0,17.0,0.0,17.0,17.0,,
2024,IIT Roorkee,IIT,20.0,34.07,23.52,10.55,22.1,19.56,,
2024,IIT Ropar,IIT,22.09,22.09,22.09,0.0,22.09,22.09,,
2024,IIT Tirupati,IIT,10.57,25.25,16.65,8.600000000000001,16.65,10.95,,
2024,IIT Varanasi,IIT,22.56,34.87,27.47,7.399999999999999,24.81,19.03,,
2020,IIEST Shibpur,NIT,7.3,9.5,16.5,-7.0,8.0,7.3,5.75,6.417747171406983
2020,MNIT Jaipur,NIT,9.1,18.39,9.1,9.290000000000001,9.94,13.2,6.0,10.35
2020,MNNIT Allahabad,NIT,17.19,17.68,11.0,6.68,17.68,17.68,6.54,9.0
2020,NIT Agartala,NIT,6.95,14.71,13.83,0.8800000000000008,15.0,6.5,6.95,7.0
2020,NIT Andhra Pradesh,NIT,6.54,10.7,6.29,4.409999999999999,6.54,6.0,6.54,8.13
2020,NIT Arunachal Pradesh,NIT,6.2,7.2,7.2,0.0,7.2,7.2,7.2,8.77
2020,NIT Calicut,NIT,17.68,17.68,12.11,5.57,12.11,8.0,12.0,10.68
2020,NIT Delhi,NIT,8.8,11.2,9.0,2.1999999999999993,6.4,8.8,15.59,7.736462343613898
2020,NIT Durgapur,NIT,8.0,21.45,17.49,3.960000000000001,14.61,9.72,8.0,8.87
2020,NIT Goa,NIT,10.87,9.95,8.5,1.4499999999999993,7.56,6.63,5.83,9.556289281259438
2020,NIT Hamirpur,NIT,12.84,15.75,13.0,2.75,6.5,5.0,6.77,10.42
2020,NIT Jalandhar,NIT,10.0,8.57,14.0,-5.43,11.6,7.91,7.15,7.45
2020,NIT Jamshedpur,NIT,14.7,12.63,12.63,0.0,12.63,10.91,12.63,10.2
2020,NIT Kurukshetra,NIT,11.37,17.63,9.0,8.629999999999999,10.49,8.23,7.88,9.99586100532841
2020,NIT Manipur,NIT,6.0,6.0,6.5,-0.5,6.0,6.0,6.0,8.21
2020,NIT Meghalaya,NIT,9.7,9.7,9.7,0.0,9.7,9.7,9.7,8.527691446938045
2020,NIT Mizoram,NIT,8.4,8.4,8.4,0.0,8.4,7.45,8.4,6.8
2020,NIT Nagaland,NIT,5.32,4.22,5.25,-1.0300000000000002,5.25,4.56,4.22,8.09
2020,NIT Patna,NIT,9.9,14.0,9.9,4.1,9.9,9.9,9.9,6.8
2020,NIT Puducherry,NIT,8.0,6.8,7.9,-1.1000000000000005,7.9,7.9,7.9,10.0
2020,NIT Raipur,NIT,10.8,10.8,10.8,0.0,10.8,7.77,8.53,7.6
2020,NIT Rourkela,NIT,8.0,13.8,10.6,3.200000000000001,13.62,9.8,10.5,9.36
2020,NIT Sikkim,NIT,9.5,6.0,12.57,-6.57,10.0,7.5,6.98,7.11
2020,NIT Silchar,NIT,13.34,13.86,13.34,0.5199999999999996,13.34,13.34,6.03,7.15
2020,NIT Srinagar,NIT,6.25,13.8,10.7,3.1000000000000014,9.42,9.2,8.6,6.25
2020,NIT Surathkal,NIT,19.66,19.66,16.25,3.41,16.25,18.26,16.25,16.25
2020,NIT Trichy,NIT,12.0,12.93,12.93,0.0,9.5,9.16,6.5,12.93
2020,NIT Uttarakhand,NIT,9.48,9.45,10.36,-0.9100000000000001,8.43,5.92,6.0,8.334279888347698
2020,NIT Warangal,NIT,14.35,18.55,9.4,9.15,22.0,17.29,14.35,14.8
2020,VNIT Nagpur,NIT,10.0,11.94,15.0,-3.0600000000000005,10.63,10.11,8.1,8.73
2021,IIEST Shibpur,NIT,20.0,9.5,16.5,-7.0,6.5,7.3,5.75,17.58286896275886
2021,MNIT Jaipur,NIT,10.0,18.39,18.01,0.379999999999999,9.94,13.2,10.0,10.35
2021,MNNIT Allahabad,NIT,17.19,19.08,17.68,1.3999999999999986,17.68,17.68,11.4,9.0
2021,NIT Agartala,NIT,6.0,14.71,13.83,0.8800000000000008,15.0,8.23,6.0,7.0
2021,NIT Andhra Pradesh,NIT,6.29,10.7,6.29,4.409999999999999,6.29,6.47,6.47,8.13
2021,NIT Arunachal Pradesh,NIT,7.2,7.2,7.2,0.0,7.2,7.2,7.2,8.77
2021,NIT Calicut,NIT,17.14,17.14,12.11,5.030000000000001,12.11,12.6,8.09,10.68
2021,NIT Delhi,NIT,12.2,12.2,8.4,3.799999999999999,8.1,8.8,15.59,10.725550067282905
2021,NIT Durgapur,NIT,8.0,21.45,17.49,3.960000000000001,14.61,9.72,7.39,8.87
2021,NIT Goa,NIT,7.61,9.95,8.5,1.4499999999999993,7.56,7.0,5.83,6.690281640329745
2021,NIT Hamirpur,NIT,12.84,6.5,9.5,-3.0,6.5,6.5,6.77,10.42
2021,NIT Jalandhar,NIT,8.5,8.5,14.0,-5.5,11.6,7.91,7.12,7.45
2021,NIT Jamshedpur,NIT,14.7,14.0,12.63,1.3699999999999992,12.63,12.63,12.63,10.2
2021,NIT Kurukshetra,NIT,11.37,15.54,5.0,10.54,10.49,11.37,7.88,9.99586100532841
2021,NIT Manipur,NIT,8.21,8.21,6.5,1.7100000000000009,6.4,6.0,8.21,8.21
2021,NIT Meghalaya,NIT,10.5,17.95,9.7,8.25,9.7,9.7,9.7,9.2310062054484
2021,NIT Mizoram,NIT,7.35,8.4,8.4,0.0,8.4,7.45,8.4,6.8
2021,NIT Nagaland,NIT,8.09,4.22,4.22,0.0,5.25,3.0,4.22,8.09
2021,NIT Patna,NIT,17.13,9.9,9.9,0.0,9.9,9.9,9.9,6.8
2021,NIT Puducherry,NIT,10.0,6.8,7.9,-1.1000000000000005,7.9,10.0,7.9,10.0
2021,NIT Raipur,NIT,10.8,10.8,12.93,-2.129999999999999,10.7,10.8,8.53,7.6
2021,NIT Rourkela,NIT,9.8,20.88,33.0,-12.120000000000001,14.82,9.8,10.5,9.36
2021,NIT Sikkim,NIT,7.11,10.24,8.79,1.450000000000001,10.0,7.5,7.11,7.11
2021,NIT Silchar,NIT,13.34,13.34,13.34,0.0,13.34,13.34,13.34,7.15
2021,NIT Srinagar,NIT,6.25,13.8,10.7,3.1000000000000014,9.42,9.2,8.67,6.25
2021,NIT Surathkal,NIT,21.33,21.33,16.25,5.079999999999998,16.25,18.26,16.25,16.25
2021,NIT Trichy,NIT,10.9,11.0,12.93,-1.9299999999999997,9.5,8.7,6.5,12.0
2021,NIT Uttarakhand,NIT,8.43,9.45,10.36,-0.9100000000000001,8.03,5.92,6.0,7.411179267802858
2021,NIT Warangal,NIT,13.0,13.0,9.4,3.5999999999999996,16.0,17.29,14.35,14.8
2021,VNIT Nagpur,NIT,10.0,11.94,15.5,-3.5600000000000005,11.16,10.11,7.37,8.73
2022,IIEST Shibpur,NIT,7.3,7.3,16.5,-9.2,7.2,7.84,5.75,6.417747171406983
2022,MNIT Jaipur,NIT,12.43,18.39,18.01,0.379999999999999,9.94,13.2,7.03,10.35
2022,MNNIT Allahabad,NIT,17.19,17.19,17.19,0.0,17.68,17.19,17.19,9.0
2022,NIT Agartala,NIT,14.71,14.71,13.83,0.8800000000000008,11.2,8.23,7.0,7.0
2022,NIT Andhra Pradesh,NIT,7.05,10.7,7.8,2.8999999999999995,7.5,6.8,5.9,8.13
2022,NIT Arunachal Pradesh,NIT,8.6,7.2,7.2,0.0,6.77,8.49,5.38,8.77
2022,NIT Calicut,NIT,12.58,20.55,12.11,8.440000000000001,12.11,12.6,8.09,10.68
2022,NIT Delhi,NIT,17.14,21.44,16.6,4.84,10.81,8.8,15.59,15.068518701084342
2022,NIT Durgapur,NIT,4.5,4.5,4.5,0.0,4.5,4.5,7.78,8.17
2022,NIT Goa,NIT,13.1,10.87,8.5,2.369999999999999,7.56,6.63,5.83,11.516779170607052
2022,NIT Hamirpur,NIT,7.54,7.54,7.54,0.0,7.54,7.54,9.9,10.42
2022,NIT Jalandhar,NIT,11.87,17.44,12.44,5.000000000000002,11.6,11.87,6.94,7.76
2022,NIT Jamshedpur,NIT,14.7,14.7,20.53,-5.830000000000002,14.7,14.7,12.63,10.2
2022,NIT Kurukshetra,NIT,13.89,17.63,11.8,5.829999999999998,10.49,8.72,7.94,12.211302494636026
2022,NIT Manipur,NIT,9.7,9.7,9.7,0.0,9.7,6.0,9.7,8.21
2022,NIT Meghalaya,NIT,13.33,15.5,9.7,5.800000000000001,9.15,9.7,6.16,11.71898216367878
2022,NIT Mizoram,NIT,7.35,8.4,8.4,0.0,8.68,7.35,8.4,6.8
2022,NIT Nagaland,NIT,8.09,8.09,4.22,3.87,8.09,8.09,8.09,8.09
2022,NIT Patna,NIT,13.7,14.95,13.0,1.9499999999999993,9.9,13.7,9.9,6.8
2022,NIT Puducherry,NIT,8.42,9.09,7.88,1.21,8.46,6.33,6.92,10.0
2022,NIT Raipur,NIT,10.1,15.86,10.8,5.059999999999999,10.8,10.8,8.53,7.6
2022,NIT Rourkela,NIT,11.15,18.31,19.04,-0.7300000000000004,13.62,9.8,10.5,11.15
2022,NIT Sikkim,NIT,8.44,10.24,8.79,1.450000000000001,7.83,6.69,4.7,7.11
2022,NIT Silchar,NIT,12.64,14.9,12.27,2.630000000000001,13.34,13.34,13.34,7.15
2022,NIT Srinagar,NIT,13.7,13.8,10.7,3.1000000000000014,9.42,9.2,7.5,6.25
2022,NIT Surathkal,NIT,15.84,23.03,16.25,6.780000000000001,16.25,18.26,15.84,16.25
2022,NIT Trichy,NIT,12.0,18.0,12.93,5.07,9.5,9.53,6.5,12.0
2022,NIT Uttarakhand,NIT,8.03,9.45,8.03,1.42,8.43,5.92,6.0,7.059521888547681
2022,NIT Warangal,NIT,25.5,25.5,18.9,6.600000000000001,22.0,17.29,8.93,14.8
2022,VNIT Nagpur,NIT,10.0,14.0,15.5,-1.5,15.5,10.11,10.0,8.73
2023,IIEST Shibpur,NIT,8.5,8.5,8.5,0.0,8.5,8.5,5.75,7.472719309172515
2023,MNIT Jaipur,NIT,13.2,21.0,13.2,7.800000000000001,15.66,13.2,8.5,10.35
2023,MNNIT Allahabad,NIT,20.34,20.34,20.31,0.030000000000001137,21.45,20.34,20.34,9.0
2023,NIT Agartala,NIT,14.71,14.71,13.83,0.8800000000000008,11.2,8.23,7.2,8.52
2023,NIT Andhra Pradesh,NIT,8.13,11.12,9.03,2.09,8.13,8.13,8.13,8.13
2023,NIT Arunachal Pradesh,NIT,9.04,10.13,10.4,-0.2699999999999996,8.1,11.3,9.92,8.77
2023,NIT Calicut,NIT,13.77,21.92,12.11,9.810000000000002,14.74,9.78,8.75,10.68
2023,NIT Delhi,NIT,17.72,18.32,16.25,2.0700000000000003,17.8,17.72,17.72,15.578421901004347
2023,NIT Durgapur,NIT,13.62,21.41,17.49,3.9200000000000017,14.55,9.78,7.34,9.12
2023,NIT Goa,NIT,11.45,13.4,12.45,0.9500000000000011,12.74,7.92,7.7,10.066192481179446
2023,NIT Hamirpur,NIT,8.25,12.84,8.25,4.59,8.25,8.25,8.25,10.42
2023,NIT Jalandhar,NIT,12.44,16.74,16.67,0.06999999999999673,12.44,12.44,12.44,8.45
2023,NIT Jamshedpur,NIT,15.98,12.63,22.03,-9.4,17.98,12.63,9.57,10.2
2023,NIT Kurukshetra,NIT,14.16,14.16,14.16,0.0,14.16,14.16,14.16,12.448671225633271
2023,NIT Manipur,NIT,9.7,9.7,9.7,0.0,9.7,6.0,9.7,8.21
2023,NIT Meghalaya,NIT,11.1,14.53,10.07,4.459999999999999,11.1,10.08,9.33,9.758492274331166
2023,NIT Mizoram,NIT,7.0,13.02,8.24,4.779999999999999,8.89,9.65,7.5,6.8
2023,NIT Nagaland,NIT,11.02,11.02,11.02,0.0,11.02,11.02,11.02,8.09
2023,NIT Patna,NIT,13.3,8.93,6.7,2.2299999999999995,13.65,13.3,8.42,6.8
2023,NIT Puducherry,NIT,9.8,9.8,9.8,0.0,7.28,9.8,6.7,10.0
2023,NIT Raipur,NIT,13.75,13.8,10.8,3.0,11.38,9.66,10.02,8.8
2023,NIT Rourkela,NIT,15.74,12.56,19.89,-7.33,15.74,15.74,15.74,15.74
2023,NIT Sikkim,NIT,8.5,11.98,11.56,0.41999999999999993,8.22,7.6,6.98,7.11
2023,NIT Silchar,NIT,14.39,24.07,17.05,7.02,12.86,13.58,13.95,7.15
2023,NIT Srinagar,NIT,9.42,13.8,10.7,3.1000000000000014,9.42,9.2,8.67,8.46
2023,NIT Surathkal,NIT,18.26,29.23,13.2,16.03,18.62,18.26,11.93,16.25
2023,NIT Trichy,NIT,15.76,27.27,23.0,4.27,19.3,15.76,13.0,12.54
2023,NIT Uttarakhand,NIT,10.4,9.45,6.5,2.9499999999999993,8.43,8.5,7.38,9.143091860634604
2023,NIT Warangal,NIT,17.29,30.8,17.29,13.510000000000002,17.29,17.29,13.0,14.8
2023,VNIT Nagpur,NIT,12.14,15.87,12.14,3.7299999999999986,12.14,12.14,5.63,8.73
2024,IIEST Shibpur,NIT,10.15,8.5,8.5,0.0,8.5,8.5,5.75,8.92330599860012
2024,MNIT Jaipur,NIT,13.2,18.39,14.75,3.6400000000000006,9.94,9.93,7.82,10.35
2024,MNNIT Allahabad,NIT,19.48,28.38,20.56,7.82,20.36,10.61,9.43,11.35
2024,NIT Agartala,NIT,14.71,14.71,13.83,0.8800000000000008,11.2,8.23,7.2,8.52
2024,NIT Andhra Pradesh,NIT,7.22,7.22,7.22,0.0,7.22,8.0,7.22,8.13
2024,NIT Arunachal Pradesh,NIT,9.6,13.5,10.4,3.0999999999999996,7.2,8.1,9.92,8.77
2024,NIT Calicut,NIT,12.41,19.37,13.71,5.66,10.99,9.67,8.09,10.68
2024,NIT Delhi,NIT,15.59,18.0,13.12,4.880000000000001,15.59,15.59,15.59,13.705846356470529
2024,NIT Durgapur,NIT,7.35,21.45,17.49,3.960000000000001,14.61,7.35,7.39,8.87
2024,NIT Goa,NIT,7.69,9.95,8.5,1.4499999999999993,7.71,6.63,6.67,6.760613116180781
2024,NIT Hamirpur,NIT,10.05,15.68,8.37,7.3100000000000005,7.74,8.25,10.05,8.05
2024,NIT Jalandhar,NIT,11.47,14.61,10.53,4.08,11.91,7.91,12.68,7.45
2024,NIT Jamshedpur,NIT,9.5,20.24,15.65,4.589999999999998,14.78,9.3,8.08,8.22
2024,NIT Kurukshetra,NIT,12.68,19.7,14.09,5.609999999999999,12.68,12.68,12.68,11.147538922389115
2024,NIT Manipur,NIT,8.7,9.7,9.7,0.0,9.7,6.0,9.7,8.21
2024,NIT Meghalaya,NIT,9.7,9.7,9.7,0.0,5.56,9.7,9.7,8.527691446938045
2024,NIT Mizoram,NIT,7.02,7.02,7.02,0.0,7.02,7.02,7.02,6.8
2024,NIT Nagaland,NIT,4.22,7.0,4.22,2.7800000000000002,7.0,4.22,4.22,8.09
2024,NIT Patna,NIT,9.9,19.0,11.42,7.58,7.6,14.0,9.9,6.8
2024,NIT Puducherry,NIT,7.9,7.9,7.9,0.0,6.9,7.9,7.9,10.0
2024,NIT Raipur,NIT,10.8,14.61,10.8,3.8099999999999987,10.8,10.8,10.8,10.8
2024,NIT Rourkela,NIT,14.57,21.6,19.89,1.7100000000000009,13.62,12.2,10.5,12.39
2024,NIT Sikkim,NIT,13.76,13.76,12.57,1.1899999999999995,10.87,8.56,6.21,7.11
2024,NIT Silchar,NIT,13.34,14.9,13.34,1.5600000000000005,11.84,13.34,13.34,7.15
2024,NIT Srinagar,NIT,9.5,13.8,10.7,3.1000000000000014,9.42,9.2,8.6,8.46
2024,NIT Surathkal,NIT,16.25,23.24,20.89,2.349999999999998,13.7,16.25,16.25,13.17
2024,NIT Trichy,NIT,25.97,27.27,23.0,4.27,19.3,15.76,12.9,12.54
2024,NIT Uttarakhand,NIT,10.4,10.4,10.4,0.0,10.4,10.4,10.4,9.143091860634604
2024,NIT Warangal,NIT,15.6,29.67,20.58,9.090000000000003,16.71,13.59,9.14,12.54
2024,VNIT Nagpur,NIT,12.28,16.8,12.5,4.300000000000001,11.44,12.14,6.8,10.51
